person_id,first_name,last_name,email,date_added
1,Heloise,Howgill,hhowgill0@odnoklassniki.ru,9/26/2022
2,Dody,Lermit,dlermit1@washingtonpost.com,1/23/2022
3,Nerissa,Bonevant,nbonevant2@homestead.com,12/29/2021
4,Harmony,Salvage,hsalvage3@npr.org,4/25/2022
5,Shepherd,Mussett,smussett4@usda.gov,4/4/2022
6,Rab,Gregore,rgregore5@wikimedia.org,6/21/2022
7,Marketa,MacGrath,mmacgrath6@webeden.co.uk,9/15/2022
8,Marjory,Victoria,mvictoria7@ihg.com,5/26/2022
9,Myron,Schlagh,mschlagh8@rediff.com,5/31/2022
10,Janifer,Brinklow,jbrinklow9@studiopress.com,9/16/2022
11,Antonino,Warburton,awarburtona@wordpress.org,3/22/2022
12,Hedvige,Brinded,hbrindedb@wired.com,9/25/2022
13,Katinka,Entwhistle,kentwhistlec@sitemeter.com,8/31/2022
14,Willie,Lashford,wlashfordd@nationalgeographic.com,11/10/2022
15,Waite,Newall,wnewalle@yandex.ru,10/16/2022
16,Abbott,Laffling,alafflingf@flickr.com,3/9/2022
17,Fredra,Ploughwright,fploughwrightg@wikimedia.org,12/25/2021
18,Corine,Robson,crobsonh@epa.gov,10/30/2022
19,Dav,Knappe,dknappei@360.cn,5/6/2022
20,Worden,Nesbitt,wnesbittj@hud.gov,10/11/2022
